"Source","CopiedAs","LastWriteTime","Length"
"D:\trpg\大梁武侠\_v0.42整改总控计划包_解压\Codex_APP准备提示词.md","D:\trpg\大梁武侠\613\_v0.42整改总控计划包_解压__Codex_APP准备提示词.md","2026-06-10 15:51:58","787"
"D:\trpg\大梁武侠\_v0.42整改总控计划包_解压\Codex_UI设计整改提示词.md","D:\trpg\大梁武侠\613\_v0.42整改总控计划包_解压__Codex_UI设计整改提示词.md","2026-06-10 15:51:58","932"
"D:\trpg\大梁武侠\_v0.42整改总控计划包_解压\Codex_每轮循环提示词.md","D:\trpg\大梁武侠\613\_v0.42整改总控计划包_解压__Codex_每轮循环提示词.md","2026-06-10 15:51:58","649"
"D:\trpg\大梁武侠\_v0.42整改总控计划包_解压\Codex_总控提示词_90分钟自动推进.md","D:\trpg\大梁武侠\613\_v0.42整改总控计划包_解压__Codex_总控提示词_90分钟自动推进.md","2026-06-10 15:51:58","1637"
"D:\trpg\大梁武侠\_v0.42整改总控计划包_解压\DESIGN.md","D:\trpg\大梁武侠\613\_v0.42整改总控计划包_解压__DESIGN.md","2026-06-10 15:51:58","1223"
"D:\trpg\大梁武侠\_v0.42整改总控计划包_解压\design_tokens.json","D:\trpg\大梁武侠\613\_v0.42整改总控计划包_解压__design_tokens.json","2026-06-10 15:51:58","575"
"D:\trpg\大梁武侠\_v0.42整改总控计划包_解压\progress_state.template.json","D:\trpg\大梁武侠\613\_v0.42整改总控计划包_解压__progress_state.template.json","2026-06-10 15:51:58","443"
"D:\trpg\大梁武侠\_v0.42整改总控计划包_解压\README_使用说明.md","D:\trpg\大梁武侠\613\_v0.42整改总控计划包_解压__README_使用说明.md","2026-06-10 15:51:58","157"
"D:\trpg\大梁武侠\_v0.42整改总控计划包_解压\大梁武侠TRPG_v0.42整改总控计划包.xlsx","D:\trpg\大梁武侠\613\_v0.42整改总控计划包_解压__大梁武侠TRPG_v0.42整改总控计划包.xlsx","2026-06-10 15:51:58","46547"
"D:\trpg\大梁武侠\_审查执行包_v0.42.1_解压\Codex执行提示词_v0.42.1.md","D:\trpg\大梁武侠\613\_审查执行包_v0.42.1_解压__Codex执行提示词_v0.42.1.md","2026-06-09 04:27:34","4172"
"D:\trpg\大梁武侠\_审查执行包_v0.42.1_解压\execution_schema.json","D:\trpg\大梁武侠\613\_审查执行包_v0.42.1_解压__execution_schema.json","2026-06-09 04:27:34","534"
"D:\trpg\大梁武侠\_审查执行包_v0.42.1_解压\README_使用说明.md","D:\trpg\大梁武侠\613\_审查执行包_v0.42.1_解压__README_使用说明.md","2026-06-09 04:27:34","749"
"D:\trpg\大梁武侠\_审查执行包_v0.42.1_解压\大梁武侠TRPG_规则工程化审查执行包_v0.42.1.xlsx","D:\trpg\大梁武侠\613\_审查执行包_v0.42.1_解压__大梁武侠TRPG_规则工程化审查执行包_v0.42.1.xlsx","2026-06-09 04:27:34","54597"
"D:\trpg\大梁武侠\AGENTS.md","D:\trpg\大梁武侠\613\AGENTS.md","2026-06-13 11:22:03","1801"
"D:\trpg\大梁武侠\decision_log.md","D:\trpg\大梁武侠\613\decision_log.md","2026-06-11 10:43:14","8852"
"D:\trpg\大梁武侠\iteration_log.md","D:\trpg\大梁武侠\613\iteration_log.md","2026-06-11 10:43:14","25135"
"D:\trpg\大梁武侠\last_artifacts.json","D:\trpg\大梁武侠\613\last_artifacts.json","2026-06-11 10:43:14","10938"
"D:\trpg\大梁武侠\progress_state.json","D:\trpg\大梁武侠\613\progress_state.json","2026-06-11 10:43:14","4997"
"D:\trpg\大梁武侠\review_output\01_chapter_chunks.jsonl","D:\trpg\大梁武侠\613\review_output__01_chapter_chunks.jsonl","2026-06-11 01:34:37","527767"
"D:\trpg\大梁武侠\review_output\02_rules_extracted.jsonl","D:\trpg\大梁武侠\613\review_output__02_rules_extracted.jsonl","2026-06-11 02:05:02","529482"
"D:\trpg\大梁武侠\review_output\02_rules_extracted.xlsx","D:\trpg\大梁武侠\613\review_output__02_rules_extracted.xlsx","2026-06-11 02:05:02","70129"
"D:\trpg\大梁武侠\review_output\03_p0_manual_queue_triaged.jsonl","D:\trpg\大梁武侠\613\review_output__03_p0_manual_queue_triaged.jsonl","2026-06-11 04:04:56","19618"
"D:\trpg\大梁武侠\review_output\03_p0_manual_queue_triaged.xlsx","D:\trpg\大梁武侠\613\review_output__03_p0_manual_queue_triaged.xlsx","2026-06-11 04:04:56","11500"
"D:\trpg\大梁武侠\review_output\03_p0_manual_review_queue.jsonl","D:\trpg\大梁武侠\613\review_output__03_p0_manual_review_queue.jsonl","2026-06-11 03:34:37","15659"
"D:\trpg\大梁武侠\review_output\03_p0_manual_review_queue.xlsx","D:\trpg\大梁武侠\613\review_output__03_p0_manual_review_queue.xlsx","2026-06-11 03:34:37","9329"
"D:\trpg\大梁武侠\review_output\03_p0_rule_mapping_review.jsonl","D:\trpg\大梁武侠\613\review_output__03_p0_rule_mapping_review.jsonl","2026-06-11 03:05:04","42089"
"D:\trpg\大梁武侠\review_output\03_p0_rule_mapping_review.xlsx","D:\trpg\大梁武侠\613\review_output__03_p0_rule_mapping_review.xlsx","2026-06-11 03:05:04","14968"
"D:\trpg\大梁武侠\review_output\03_rules_mapped.jsonl","D:\trpg\大梁武侠\613\review_output__03_rules_mapped.jsonl","2026-06-11 02:35:17","671359"
"D:\trpg\大梁武侠\review_output\03_rules_mapped.xlsx","D:\trpg\大梁武侠\613\review_output__03_rules_mapped.xlsx","2026-06-11 02:35:17","73626"
"D:\trpg\大梁武侠\review_output\03_rules_mapped_final_b02.jsonl","D:\trpg\大梁武侠\613\review_output__03_rules_mapped_final_b02.jsonl","2026-06-11 04:34:35","701921"
"D:\trpg\大梁武侠\review_output\03_rules_mapped_final_b02.xlsx","D:\trpg\大梁武侠\613\review_output__03_rules_mapped_final_b02.xlsx","2026-06-11 04:34:35","71677"
"D:\trpg\大梁武侠\review_output\03_rules_mapped_p0_merged.jsonl","D:\trpg\大梁武侠\613\review_output__03_rules_mapped_p0_merged.jsonl","2026-06-11 03:34:37","690461"
"D:\trpg\大梁武侠\review_output\03_rules_mapped_p0_merged.xlsx","D:\trpg\大梁武侠\613\review_output__03_rules_mapped_p0_merged.xlsx","2026-06-11 03:34:37","71398"
"D:\trpg\大梁武侠\review_output\04_b03_missing_review_draft.jsonl","D:\trpg\大梁武侠\613\review_output__04_b03_missing_review_draft.jsonl","2026-06-11 05:04:33","15453"
"D:\trpg\大梁武侠\review_output\04_b03_missing_review_draft.md","D:\trpg\大梁武侠\613\review_output__04_b03_missing_review_draft.md","2026-06-11 05:04:33","4664"
"D:\trpg\大梁武侠\review_output\04_b03_missing_review_draft.xlsx","D:\trpg\大梁武侠\613\review_output__04_b03_missing_review_draft.xlsx","2026-06-11 05:04:33","8920"
"D:\trpg\大梁武侠\review_output\04_b03_missing_review_input.jsonl","D:\trpg\大梁武侠\613\review_output__04_b03_missing_review_input.jsonl","2026-06-11 04:34:35","11374"
"D:\trpg\大梁武侠\review_output\04_b03_missing_review_input.xlsx","D:\trpg\大梁武侠\613\review_output__04_b03_missing_review_input.xlsx","2026-06-11 04:34:35","8526"
"D:\trpg\大梁武侠\review_output\04_b03_p0_conflict_queue.jsonl","D:\trpg\大梁武侠\613\review_output__04_b03_p0_conflict_queue.jsonl","2026-06-11 06:04:28","17529"
"D:\trpg\大梁武侠\review_output\04_b03_p0_conflict_queue.md","D:\trpg\大梁武侠\613\review_output__04_b03_p0_conflict_queue.md","2026-06-11 06:04:28","3942"
"D:\trpg\大梁武侠\review_output\04_b03_p0_conflict_queue.xlsx","D:\trpg\大梁武侠\613\review_output__04_b03_p0_conflict_queue.xlsx","2026-06-11 06:04:28","9232"
"D:\trpg\大梁武侠\review_output\04_conflicts.xlsx","D:\trpg\大梁武侠\613\review_output__04_conflicts.xlsx","2026-06-11 05:38:36","15943"
"D:\trpg\大梁武侠\review_output\04_conflicts_draft.jsonl","D:\trpg\大梁武侠\613\review_output__04_conflicts_draft.jsonl","2026-06-11 05:38:36","36954"
"D:\trpg\大梁武侠\review_output\04_conflicts_draft.md","D:\trpg\大梁武侠\613\review_output__04_conflicts_draft.md","2026-06-11 05:38:36","4957"
"D:\trpg\大梁武侠\review_output\05_b04_p0_coverage_queue.jsonl","D:\trpg\大梁武侠\613\review_output__05_b04_p0_coverage_queue.jsonl","2026-06-11 07:04:37","23091"
"D:\trpg\大梁武侠\review_output\05_b04_p0_coverage_queue.md","D:\trpg\大梁武侠\613\review_output__05_b04_p0_coverage_queue.md","2026-06-11 07:04:37","2618"
"D:\trpg\大梁武侠\review_output\05_b04_p0_coverage_queue.xlsx","D:\trpg\大梁武侠\613\review_output__05_b04_p0_coverage_queue.xlsx","2026-06-11 07:04:37","10914"
"D:\trpg\大梁武侠\review_output\05_coverage.xlsx","D:\trpg\大梁武侠\613\review_output__05_coverage.xlsx","2026-06-11 06:34:54","13308"
"D:\trpg\大梁武侠\review_output\05_coverage_draft.jsonl","D:\trpg\大梁武侠\613\review_output__05_coverage_draft.jsonl","2026-06-11 06:34:54","32482"
"D:\trpg\大梁武侠\review_output\05_coverage_draft.md","D:\trpg\大梁武侠\613\review_output__05_coverage_draft.md","2026-06-11 06:34:54","3142"
"D:\trpg\大梁武侠\review_output\06_db_coverage.xlsx","D:\trpg\大梁武侠\613\review_output__06_db_coverage.xlsx","2026-06-11 09:38:07","8177"
"D:\trpg\大梁武侠\review_output\06_db_coverage_draft.jsonl","D:\trpg\大梁武侠\613\review_output__06_db_coverage_draft.jsonl","2026-06-11 09:38:07","9582"
"D:\trpg\大梁武侠\review_output\06_db_coverage_draft.md","D:\trpg\大梁武侠\613\review_output__06_db_coverage_draft.md","2026-06-11 09:38:07","924"
"D:\trpg\大梁武侠\review_output\07_math_test_plan.xlsx","D:\trpg\大梁武侠\613\review_output__07_math_test_plan.xlsx","2026-06-11 10:35:28","10593"
"D:\trpg\大梁武侠\review_output\07_math_test_plan_draft.jsonl","D:\trpg\大梁武侠\613\review_output__07_math_test_plan_draft.jsonl","2026-06-11 10:35:28","16961"
"D:\trpg\大梁武侠\review_output\07_math_test_plan_draft.md","D:\trpg\大梁武侠\613\review_output__07_math_test_plan_draft.md","2026-06-11 10:35:28","2428"
"D:\trpg\大梁武侠\review_output\08_playtest_plan.xlsx","D:\trpg\大梁武侠\613\review_output__08_playtest_plan.xlsx","2026-06-11 10:41:55","9724"
"D:\trpg\大梁武侠\review_output\08_playtest_plan_draft.jsonl","D:\trpg\大梁武侠\613\review_output__08_playtest_plan_draft.jsonl","2026-06-11 10:41:55","21871"
"D:\trpg\大梁武侠\review_output\08_playtest_plan_draft.md","D:\trpg\大梁武侠\613\review_output__08_playtest_plan_draft.md","2026-06-11 10:41:55","1447"
"D:\trpg\大梁武侠\work_logs\b01_chapter_chunks_summary.md","D:\trpg\大梁武侠\613\work_logs__b01_chapter_chunks_summary.md","2026-06-11 01:34:37","1023"
"D:\trpg\大梁武侠\work_logs\b01_rule_candidates_summary.md","D:\trpg\大梁武侠\613\work_logs__b01_rule_candidates_summary.md","2026-06-11 02:05:02","1008"
"D:\trpg\大梁武侠\work_logs\b02_manual_queue_triage_summary.md","D:\trpg\大梁武侠\613\work_logs__b02_manual_queue_triage_summary.md","2026-06-11 04:04:56","965"
"D:\trpg\大梁武侠\work_logs\b02_merge_p0_summary.md","D:\trpg\大梁武侠\613\work_logs__b02_merge_p0_summary.md","2026-06-11 03:34:37","2577"
"D:\trpg\大梁武侠\work_logs\b02_merge_triaged_hits_summary.md","D:\trpg\大梁武侠\613\work_logs__b02_merge_triaged_hits_summary.md","2026-06-11 04:34:35","901"
"D:\trpg\大梁武侠\work_logs\b02_p0_review_summary.md","D:\trpg\大梁武侠\613\work_logs__b02_p0_review_summary.md","2026-06-11 03:05:04","2936"
"D:\trpg\大梁武侠\work_logs\b02_rule_mapping_summary.md","D:\trpg\大梁武侠\613\work_logs__b02_rule_mapping_summary.md","2026-06-11 02:35:17","2368"
"D:\trpg\大梁武侠\work_logs\b03_conflict_table_draft_summary.md","D:\trpg\大梁武侠\613\work_logs__b03_conflict_table_draft_summary.md","2026-06-11 05:38:36","505"
"D:\trpg\大梁武侠\work_logs\b03_missing_review_draft_summary.md","D:\trpg\大梁武侠\613\work_logs__b03_missing_review_draft_summary.md","2026-06-11 05:04:33","455"
"D:\trpg\大梁武侠\work_logs\b03_p0_conflict_queue_summary.md","D:\trpg\大梁武侠\613\work_logs__b03_p0_conflict_queue_summary.md","2026-06-11 06:04:28","461"
"D:\trpg\大梁武侠\work_logs\b04_coverage_draft_summary.md","D:\trpg\大梁武侠\613\work_logs__b04_coverage_draft_summary.md","2026-06-11 06:34:54","496"
"D:\trpg\大梁武侠\work_logs\b04_p0_coverage_queue_summary.md","D:\trpg\大梁武侠\613\work_logs__b04_p0_coverage_queue_summary.md","2026-06-11 07:04:37","823"
"D:\trpg\大梁武侠\work_logs\b05_db_coverage_draft_summary.md","D:\trpg\大梁武侠\613\work_logs__b05_db_coverage_draft_summary.md","2026-06-11 09:38:07","532"
"D:\trpg\大梁武侠\work_logs\b06_math_test_plan_draft_summary.md","D:\trpg\大梁武侠\613\work_logs__b06_math_test_plan_draft_summary.md","2026-06-11 10:35:28","571"
"D:\trpg\大梁武侠\work_logs\b07_playtest_plan_draft_summary.md","D:\trpg\大梁武侠\613\work_logs__b07_playtest_plan_draft_summary.md","2026-06-11 10:41:55","452"
"D:\trpg\大梁武侠\work_logs\db_paths.txt","D:\trpg\大梁武侠\613\work_logs__db_paths.txt","2026-06-11 08:13:33","327"
"D:\trpg\大梁武侠\work_logs\file_inventory.md","D:\trpg\大梁武侠\613\work_logs__file_inventory.md","2026-06-11 00:35:20","2954"
"D:\trpg\大梁武侠\work_logs\missing_files.md","D:\trpg\大梁武侠\613\work_logs__missing_files.md","2026-06-11 00:35:20","1417"
"D:\trpg\大梁武侠\work_logs\project_tree.md","D:\trpg\大梁武侠\613\work_logs__project_tree.md","2026-06-11 00:35:20","1925"
"D:\trpg\大梁武侠\work_logs\recursive_file_discovery.md","D:\trpg\大梁武侠\613\work_logs__recursive_file_discovery.md","2026-06-11 01:05:45","4105"
"D:\trpg\大梁武侠\大梁武侠TRPG_v0.42整改总控计划包.zip","D:\trpg\大梁武侠\613\大梁武侠TRPG_v0.42整改总控计划包.zip","2026-06-10 23:57:04","47384"
"D:\trpg\大梁武侠\大梁武侠TRPG_规则工程化审查包_v0.42.xlsx","D:\trpg\大梁武侠\613\大梁武侠TRPG_规则工程化审查包_v0.42.xlsx","2026-06-09 11:36:45","50374"
"D:\trpg\大梁武侠\大梁武侠TRPG_规则工程化审查执行包_v0.42.1.zip","D:\trpg\大梁武侠\613\大梁武侠TRPG_规则工程化审查执行包_v0.42.1.zip","2026-06-10 23:20:35","50114"
"D:\trpg\大梁武侠\大梁武侠TRPG_世界投放与剧本生成数据库_V1.xlsx","D:\trpg\大梁武侠\613\大梁武侠TRPG_世界投放与剧本生成数据库_V1.xlsx","2026-06-09 01:15:20","63314"
"D:\trpg\大梁武侠\大梁武侠TRPG_数据库填充_V1.xlsx","D:\trpg\大梁武侠\613\大梁武侠TRPG_数据库填充_V1.xlsx","2026-06-09 00:57:42","57259"
"D:\trpg\大梁武侠\大梁武侠TRPG_岁月与生成数据库_重生成版_v1.1.xlsx","D:\trpg\大梁武侠\613\大梁武侠TRPG_岁月与生成数据库_重生成版_v1.1.xlsx","2026-06-11 08:12:00","52085"
"D:\trpg\大梁武侠\大梁武侠TRPG_玩家规则书_DM规则书_完整整合版_v0.41.zip","D:\trpg\大梁武侠\613\大梁武侠TRPG_玩家规则书_DM规则书_完整整合版_v0.41.zip","2026-06-09 01:42:12","198905"
"D:\trpg\大梁武侠\大梁武侠TRPG_玩家规则书_DM规则书_完整整合版_v0.41\大梁武侠TRPG_DM规则书_完整整合版_v0.41.docx","D:\trpg\大梁武侠\613\大梁武侠TRPG_玩家规则书_DM规则书_完整整合版_v0.41__大梁武侠TRPG_DM规则书_完整整合版_v0.41.docx","2026-06-08 17:38:58","125655"
"D:\trpg\大梁武侠\大梁武侠TRPG_玩家规则书_DM规则书_完整整合版_v0.41\大梁武侠TRPG_玩家规则书_完整整合版_v0.41.docx","D:\trpg\大梁武侠\613\大梁武侠TRPG_玩家规则书_DM规则书_完整整合版_v0.41__大梁武侠TRPG_玩家规则书_完整整合版_v0.41.docx","2026-06-08 17:38:50","80271"
"D:\trpg\大梁武侠\大梁武侠TRPG_总数据库索引与规则书成稿计划_V1.xlsx","D:\trpg\大梁武侠\613\大梁武侠TRPG_总数据库索引与规则书成稿计划_V1.xlsx","2026-06-09 02:02:47","40102"
